,ID,CLV,Percentile,Target_Group
0, Piercing Heaven,1757.09,0.67,Silver
1, supreme,1757.09,0.67,Silver
2,-,1519.04,0.6,Silver
3,1 of a kind boutique,755.69,0.19,Low Priority
4,10 Hours of Fashion (Magic Show),881.44,0.31,Bronze
5,100 Capitol Yards,2115.5,0.74,Silver
6,1800LOVEANDCO,1940.93,0.71,Silver
7,1986,912.75,0.33,Bronze
8,1989,983.96,0.37,Bronze
9,3 Eleven Salon and Beauty Bar,800.76,0.24,Low Priority
10,33 STAR,1946.35,0.73,Silver
11,4-U (TMK LLC),1311.91,0.52,Silver
12,4th Street Boutique ,4557.45,0.9,Gold
13,7th Street Surf Shop,1897.27,0.7,Silver
14,7th street surf shop,25299.57,0.99,Gold
15,A,881.44,0.31,Bronze
16,A Beautiful Touch,1612.22,0.63,Silver
17,"A Bling Affair, inc",735.25,0.17,Low Priority
18,A J Fine and Company,16315.19,0.98,Gold
19,A Little Pizzazz,1612.22,0.63,Silver
20,A Natural Image,800.76,0.24,Low Priority
21,A Taste Of Luxurie,6103.01,0.93,Gold
22,A&B Solutions,1757.09,0.67,Silver
23,"A's Unique Boutique, LLC",852.52,0.27,Bronze
24,A.J. Martin Estate Jewelry,1176.02,0.45,Bronze
25,AAE,881.44,0.31,Bronze
26,ABW Designs,1940.93,0.71,Silver
27,ABrie Salon,1311.91,0.52,Silver
28,ADRIENE CERMENELLO,912.75,0.33,Bronze
29,AEROPUERTAS,7329.74,0.95,Gold
30,AG&G,12251.1,0.97,Gold
31,ALENZA ,881.44,0.31,Bronze
32,ALTA CHIC,433.07,0.02,Low Priority
33,ANDREW CHARLETT,989.67,0.37,Bronze
34,ANNERA,1757.09,0.67,Silver
35,AP/GABRIELA R DE ALDANA/AP,2249.06,0.79,Gold
36,APAMO SA DE CV - Kalas Bridal & Boutique,582.92,0.03,Low Priority
37,APLP,1612.22,0.63,Silver
38,ARTIZAN,310.25,0.01,Low Priority
39,ARTIZAN LLC,649.22,0.11,Low Priority
40,ASK ALICE OCEANSIDE,825.71,0.25,Low Priority
41,ATTN: SATTHRA SAN/MONIQUE HOLT,2185.31,0.76,Gold
42,AXXESORY jUNKEE,2514.94,0.81,Gold
43,About That Girl,4867.07,0.91,Gold
44,Above And Beneath,800.76,0.24,Low Priority
45,Above And Not Beneath,634.64,0.09,Low Priority
46,"Above and Not Beneath, LLC",800.76,0.24,Low Priority
47,Abrookin Career & Technical Center,3378.54,0.87,Gold
48,Accent Accessories,946.79,0.35,Bronze
49,Accents,4510.78,0.9,Gold
50,Accents-Accessories of Distinction,483.83,0.02,Low Priority
51,Accessories & beyond,649.22,0.11,Low Priority
52,Accessorize yourself,777.48,0.21,Low Priority
53,Accessory Addicts ,777.48,0.21,Low Priority
54,Accessory Avenue,2017.5,0.73,Silver
55,Adorn's Jewelry,1239.45,0.49,Bronze
56,Adornables by Star,1917.1,0.7,Silver
57,Adornables by Star!,634.64,0.09,Low Priority
58,Aenigma,2185.31,0.76,Gold
59,AenigmaLLC,1494.05,0.58,Silver
60,Aereopuerta,825.71,0.25,Low Priority
61,Alagria Salon ,1757.09,0.67,Silver
62,Albita Boutique,1384.92,0.55,Silver
63,Alejandra Fiallos,1940.93,0.71,Silver
64,Alejandro Matias,680.78,0.13,Low Priority
65,Aleren Inc.,703.55,0.15,Low Priority
66,Alessandra Mattei LLC,1940.93,0.71,Silver
67,Alexis Chomat,1119.91,0.43,Bronze
68,Alice Jane,1069.82,0.4,Bronze
69,Alice's International Salon & Spa,634.64,0.09,Low Priority
70,Alixandra Colections,1757.09,0.67,Silver
71,All About Business,1612.22,0.63,Silver
72,All Dolled Up (Magic Show),881.44,0.31,Bronze
73,All Points Beautiful,2533.72,0.82,Gold
74,All Things Are Dana,912.75,0.33,Bronze
75,All Things are Dana,983.96,0.37,Bronze
76,All about eve,451.76,0.02,Low Priority
77,All occasions by cuzzins,716.02,0.16,Low Priority
78,"All things Consignment, LLC d/b/a 606",680.78,0.13,Low Priority
79,Allure Day Spa & Salon,1290.41,0.51,Silver
80,Allure Salon & Spa,1757.09,0.67,Silver
81,Alonson Sobrino,607.56,0.06,Low Priority
82,Always & Forever,1757.09,0.67,Silver
83,Ambitions boutique,881.44,0.31,Bronze
84,Amerings,1940.93,0.71,Silver
85,Amore Style,735.25,0.17,Low Priority
86,Amy Biggs,912.75,0.33,Bronze
87,Amy Kernahan Makeup Studio,912.75,0.33,Bronze
88,AnalogFolk,1024.76,0.38,Bronze
89,Anastasia Salon,1239.45,0.49,Bronze
90,Andrew Charlett,2185.31,0.76,Gold
91,Anela Revece,598.9,0.05,Low Priority
92,Anemone Store,825.71,0.25,Low Priority
93,Angel Face,664.58,0.12,Low Priority
94,Angela Watford ,1494.24,0.59,Silver
95,Angela's,1119.91,0.43,Bronze
96,Angelface Day Spa,912.75,0.33,Bronze
97,Anna's Closet,1723.14,0.65,Silver
98,Annette Anderson,1395.74,0.56,Silver
99,Aramas Boutique,649.22,0.11,Low Priority
100,Arbonne ,1311.91,0.52,Silver
101,Arcadian Treasures,4189.66,0.89,Gold
102,Arkansas Arts Center Museum Sh,1395.74,0.56,Silver
103,Artfully Designed,561.97,0.03,Low Priority
104,Artizan,951.9,0.36,Bronze
105,Artizan Joyeria,2116.79,0.74,Silver
106,AshB Marie,594.96,0.05,Low Priority
107,AshBmarie,2185.31,0.76,Gold
108,Ashley Austin Boutique,2185.31,0.76,Gold
109,Atica Brewton,983.96,0.37,Bronze
110,Atours du monde,1395.74,0.56,Silver
111,Attention Bella U,735.25,0.17,Low Priority
112,Augusta Mae Boutique,8561.99,0.96,Gold
113,"Augusta Mae, Boutique & Fine Consignment",2885.57,0.85,Gold
114,Aura,443.6,0.02,Low Priority
115,Aura Accessories,7851.45,0.95,Gold
116,Ava Frankfurt,3081.32,0.85,Gold
117,Ava's,634.64,0.09,Low Priority
118,AvaGrace ,1670.18,0.64,Silver
119,A~List Luxx,1940.93,0.71,Silver
120,B A Juhls,4463.13,0.9,Gold
121,B Natural,620.77,0.08,Low Priority
122,B-Buckled,1530.92,0.61,Silver
123,B. Prince,1116.7,0.42,Bronze
124,B.C. SURF & Spa,852.52,0.27,Bronze
125,BAY HIDEAWAY RV PARK,2185.31,0.76,Gold
126,BB,912.75,0.33,Bronze
127,BBASouth,1024.76,0.38,Bronze
128,BELAN,1757.09,0.67,Silver
129,BGC Retail Consultants ,23525.29,0.99,Gold
130,BIWUA,1311.91,0.52,Silver
131,BLING Jewelry,3516.31,0.87,Gold
132,BOEM,755.69,0.19,Low Priority
133,BOND CONCEPT STORE,946.79,0.35,Bronze
134,BOSTON BEAUTY SUPPLY,983.96,0.37,Bronze
135,BOUTIQUE CAROLINA,1311.91,0.52,Silver
136,BOUTIQUE CRISTY,620.77,0.08,Low Priority
137,BOUTIQUE KARMA,777.48,0.21,Low Priority
138,BRENDA ZUNIGA,620.77,0.08,Low Priority
139,Babes & Bombshells,2966.63,0.85,Gold
140,Back on the Racks,594.96,0.05,Low Priority
141,Bandlow,777.48,0.21,Low Priority
142,Bangle Boutique,1612.22,0.63,Silver
143,Baronica Roberson,1176.02,0.45,Bronze
144,Basin St. Gift Shop,1732.48,0.65,Silver
145,Baubles,912.75,0.33,Bronze
146,Be You Fashion,1940.93,0.71,Silver
147,BeLush boutique ,800.76,0.24,Low Priority
148,BeMine ,1021.12,0.38,Bronze
149,Beach Girl Fashions,1940.93,0.71,Silver
150,Beauti Kafe ,1225.71,0.47,Bronze
151,Beautiful wardrobe department,777.48,0.21,Low Priority
152,Beauty Quyen,697.9,0.14,Low Priority
153,Because you're special ,777.48,0.21,Low Priority
154,Bedazzled boutique,2220.46,0.79,Gold
155,Bee Hive Gift Shop,4644.54,0.91,Gold
156,Bee Hive Giftshop,722.28,0.16,Low Priority
157,Bella Capelli,634.64,0.09,Low Priority
158,Bella Maison,3925.42,0.89,Gold
159,Bella Mia LLC,2708.11,0.84,Gold
160,Bella U,6322.36,0.93,Gold
161,Best beauty Supply ,881.44,0.31,Bronze
162,Beths Hair Boutique,1311.91,0.52,Silver
163,Betsy Prince,594.96,0.05,Low Priority
164,"Bettina H. Designs, Inc. d/b/a Bettina's Collection",1686.28,0.65,Silver
165,Beyond Baroque (Magic Show),852.52,0.27,Bronze
166,Beyond Perfection Beauty Bar,634.64,0.09,Low Priority
167,Beyond Purses & More,1494.24,0.59,Silver
168,Bi Jou Accessories,649.22,0.11,Low Priority
169,Bibbege,582.92,0.03,Low Priority
170,Bibis accessories,2587.48,0.83,Gold
171,Bikini Cabana ,1395.74,0.56,Silver
172,Bimbi hernandez,1239.45,0.49,Bronze
173,BioageMD,1612.22,0.63,Silver
174,Bitz glitz ,2185.31,0.76,Gold
175,Bitz of Glitz,1749.98,0.65,Silver
176,Bitz of glitz ,4702.52,0.91,Gold
177,Black Orchid Jewelry INC,1311.91,0.52,Silver
178,Blacksmith Clothing Co.,1543.54,0.61,Silver
179,Blanca Piedras,649.22,0.11,Low Priority
180,Bling Bling/Wink and Flip,1311.91,0.52,Silver
181,Bling Competition Jewelry,2409.85,0.8,Gold
182,Bling It On!,620.77,0.08,Low Priority
183,Blue Arrow,1024.76,0.38,Bronze
184,Blue Ivy Contemporary (Magic Show),852.52,0.27,Bronze
185,Bluetique (Magic Show),881.44,0.31,Bronze
186,Blushing Bee Naturals,1024.76,0.38,Bronze
187,BodyDressers,2533.72,0.82,Gold
188,Bogdan dba,1069.82,0.4,Bronze
189,BomShell Boutique,235.75,0.0,Low Priority
190,Boneappetit,828.91,0.26,Bronze
191,Boom Babies,2456.58,0.81,Gold
192,Boone Belles,1176.02,0.45,Bronze
193,Booth #19 Bella U,1239.45,0.49,Bronze
194,Bottega Mia Fashions,716.02,0.16,Low Priority
195,"Botticelli, LLC",1239.45,0.49,Bronze
196,Bounce Blow Dry Bar,1143.64,0.44,Bronze
197,Boutique 44,3381.0,0.87,Gold
198,Boutique By Donna Marie ,2277.67,0.79,Gold
199,Boutique Carolina,2529.83,0.81,Gold
200,Boutique Serendipity,634.64,0.09,Low Priority
201,Boutique w,2840.69,0.84,Gold
202,Brady cargo,649.22,0.11,Low Priority
203,Branches of Beauty,2185.31,0.76,Gold
204,Brand New With Tagz,2533.72,0.82,Gold
205,"Braun Media Group, LLC",331.96,0.01,Low Priority
206,Breckenridge Hat Company,620.77,0.08,Low Priority
207,Brickell Trading,1311.91,0.52,Silver
208,Briosa Boutique,1506.86,0.6,Silver
209,Brittany Dugas Designs,2853.46,0.84,Gold
210,Brittney Coppa,1239.45,0.49,Bronze
211,BuDhaGirl,1940.93,0.71,Silver
212,BuDhaGirl LLC,1426.26,0.57,Silver
213,Buckles,852.52,0.27,Bronze
214,Bumble Beads Boutique,1176.02,0.45,Bronze
215,Bungalow Road,777.48,0.21,Low Priority
216,Burda ,1757.09,0.67,Silver
217,Burlap and Bourbon,4355.07,0.9,Gold
218,C & D Pageantry,1494.24,0.59,Silver
219,C&E Eletric Cont Corp,825.71,0.25,Low Priority
220,"C. D. Wilson, Inc. Dba/ The fashion Gallery",2185.31,0.76,Gold
221,C/O ,755.69,0.19,Low Priority
222,C/O Fowlco,1957.9,0.73,Silver
223,C/O MARBLE INK PRO LLC,337.17,0.01,Low Priority
224,C/O Soul Sparkle Inc,697.9,0.14,Low Priority
225,C/O WINDWARD LOGISTICS,3615.19,0.88,Gold
226,CANAVAN CLASSICS,887.66,0.33,Bronze
227,CAPPSKIDS.ORG,1239.45,0.49,Bronze
228,CELESTE,1940.93,0.71,Silver
229,CHAMELEON,4931.34,0.92,Gold
230,CHIC BOUTIQUE,800.76,0.24,Low Priority
231,CHIC FASHIONS,1069.82,0.4,Bronze
232,CITC Group,881.44,0.31,Bronze
233,CITY MALL DAVID,2185.31,0.76,Gold
234,CLARA,1395.74,0.56,Silver
235,CLARISSA ROSANIA abe 12494,1757.09,0.67,Silver
236,CLG,1494.24,0.59,Silver
237,CONCE OLIVERA,1176.02,0.45,Bronze
238,CONTINENTAL SHIPPING,634.64,0.09,Low Priority
239,CRC Wholesale Redefined,2083.13,0.74,Silver
240,CZAR FASHIONS,697.9,0.14,Low Priority
241,Cabot Design,4725.26,0.91,Gold
242,Cactus Flower,649.22,0.11,Low Priority
243,Cactus salon,800.76,0.24,Low Priority
244,Caitlin Odom,1043.08,0.39,Bronze
245,Camila Lauren,3421.97,0.87,Gold
246,Canavan Classics,4726.46,0.91,Gold
247,Canavan classics,3516.28,0.87,Gold
248,Candie Cooper//D S,1958.78,0.73,Silver
249,Candy Paint,2805.15,0.84,Gold
250,Canvas a Boutique,1069.82,0.4,Bronze
251,Cara's Creations,1858.68,0.69,Silver
252,Carla Gizzi - Jewelry & home decor,2179.79,0.74,Silver
253,Carltons,6932.22,0.94,Gold
254,Carol Lavender,1119.91,0.43,Bronze
255,Caroline Eve for One Road,1176.02,0.45,Bronze
256,Carries Closet ,1311.91,0.52,Silver
257,Casa Bella,881.44,0.31,Bronze
258,"Castle Hill Accessories, Inc",881.44,0.31,Bronze
259,Catherine Stien Designs,1024.76,0.38,Bronze
260,Cell,594.96,0.05,Low Priority
261,Center cut,2185.31,0.76,Gold
262,Centre Fashion ,983.96,0.37,Bronze
263,Chestnuts,723.85,0.16,Low Priority
264,Chic 2 Chic,825.71,0.25,Low Priority
265,Chic Amici,1595.83,0.61,Silver
266,Chic Boutique,11337.02,0.97,Gold
267,ChipDisk.com,881.44,0.31,Bronze
268,Chiquetta ,1612.22,0.63,Silver
269,ChiyMarie Accessories,1395.74,0.56,Silver
270,Chloe jewelry ,755.69,0.19,Low Priority
271,Christina's Unique Accessories & More,1757.09,0.67,Silver
272,Cindy Zychowicz,664.58,0.12,Low Priority
273,Circa Suzy,1757.09,0.67,Silver
274,Citichic2311,3408.08,0.87,Gold
275,Clementine,18537.96,0.99,Gold
276,Cleveland Consignment Shoppe,1951.3,0.73,Silver
277,Clothes Horse,825.71,0.25,Low Priority
278,Cobalt Design,1239.45,0.49,Bronze
279,Coco and Company,2185.31,0.76,Gold
280,Confetti Cottage,3831.66,0.88,Gold
281,Connie B's,12184.47,0.97,Gold
282,Consignment Diva,1311.91,0.52,Silver
283,Consignments Ltd.,2372.52,0.8,Gold
284,Cooperstown Country Store,697.9,0.14,Low Priority
285,Coral,6103.57,0.93,Gold
286,Core and Craft,800.76,0.24,Low Priority
287,Courtney Lynn NYC,983.96,0.37,Bronze
288,Couture Stylings,594.96,0.05,Low Priority
289,Craniosynostosis and Positional Plagiocephaly Support Inc,1380.96,0.55,Silver
290,Craze,881.44,0.31,Bronze
291,Cream Boutique,16558.36,0.99,Gold
292,Creations by Terri,1940.93,0.71,Silver
293,Crimzon Rose,5303.33,0.92,Gold
294,Crimzonrose,20241.36,0.99,Gold
295,Crislu,994.41,0.38,Bronze
296,Crock and Rocker (Magic Show),881.44,0.31,Bronze
297,Current Boutique,983.96,0.37,Bronze
298,"Curvy Gal Consignment, LLC",12235.94,0.97,Gold
299,D Squared LLC,800.76,0.24,Low Priority
300,D.Mack Bohemian Fancy,1612.22,0.63,Silver
301,DEKita llc,862.31,0.29,Bronze
302,DFTI Boutique,16351.12,0.98,Gold
303,DMONACO DESIGNS,5279.58,0.92,Gold
304,DNJ SALES,620.77,0.08,Low Priority
305,DOLORES TAILORING,1311.91,0.52,Silver
306,DRIVE GOODS,1119.91,0.43,Bronze
307,DT&DUKE ,881.44,0.31,Bronze
308,DUR 323,1176.02,0.45,Bronze
309,DUR323,1239.45,0.49,Bronze
310,Daiss Ltd,912.75,0.33,Bronze
311,Daisy's,1123.07,0.43,Bronze
312,Dakota’s Beauty,1757.09,0.67,Silver
313,Dan Eggers (Magic Show),852.52,0.27,Bronze
314,Darcelle Marie Collection,1361.56,0.54,Silver
315,Dare 2 Boutique,2445.07,0.8,Gold
316,David consultating,946.79,0.35,Bronze
317,Dazzle Candy,11815.46,0.97,Gold
318,DeKita llc,755.69,0.19,Low Priority
319,DeLise Coleman/Golden Eye Candy,1311.91,0.52,Silver
320,DePasquale the Spa,649.22,0.11,Low Priority
321,"DeWayne's, Inc.",755.69,0.19,Low Priority
322,Debbie Ramsaroop,777.48,0.21,Low Priority
323,Debbie's Collection,3578.61,0.88,Gold
324,Debi Swaim,1119.91,0.43,Bronze
325,Dee's,4568.76,0.91,Gold
326,Deja Vu,1302.92,0.51,Silver
327,Deja vu consignments and gifts,1535.44,0.61,Silver
328,Dejaluboutique LLC,620.77,0.08,Low Priority
329,Denara ,735.25,0.17,Low Priority
330,Denise Le'Jeune,1294.16,0.51,Silver
331,Denise LeJeune,946.79,0.35,Bronze
332,Denora,360.68,0.01,Low Priority
333,Design by Nina,735.25,0.17,Low Priority
334,DesignWares,1453.77,0.58,Silver
335,Designing Women In,1494.24,0.59,Silver
336,Details,634.64,0.09,Low Priority
337,Devand Partners,881.44,0.31,Bronze
338,Diamalaye,721.11,0.16,Low Priority
339,Diego Cabrera - EXUR,852.52,0.27,Bronze
340,Direct Jewelry,45.53,0.0,Low Priority
341,Dixie Duds and Decor,4252.91,0.89,Gold
342,Domestic Goddess Salon and Boutique,697.9,0.14,Low Priority
343,Dometria Drake,2533.72,0.82,Gold
344,Dpfashion,1757.09,0.67,Silver
345,Dress Affair,2185.31,0.76,Gold
346,Dress-a-Head,1204.79,0.47,Bronze
347,Dressing Room,594.96,0.05,Low Priority
348,Duds & Doodads Boutique,680.78,0.13,Low Priority
349,Dwellings,697.9,0.14,Low Priority
350,ETCHED IN STONE DESIGNS,1494.24,0.59,Silver
351,E_WEAR,777.48,0.21,Low Priority
352,Earring Tabu,1069.82,0.4,Bronze
353,Echo Pharmacy,1612.22,0.63,Silver
354,Ecommerce Innovations,881.44,0.31,Bronze
355,Eden and Sloane,2533.72,0.82,Gold
356,Edie Couture,10462.55,0.96,Gold
357,Effleurage,1176.02,0.45,Bronze
358,Elegantly adornez,594.96,0.05,Low Priority
359,Elenor Smith,1239.45,0.49,Bronze
360,Elise x Elisia,2185.31,0.76,Gold
361,Ella's Boutique Etcete'ra,755.69,0.19,Low Priority
362,Ellis Porter,1707.57,0.65,Silver
363,"Eloquii Design, Inc.",582.92,0.03,Low Priority
364,Embellish,1670.62,0.64,Silver
365,Embellish (Magic Show),852.52,0.27,Bronze
366,Embellish Your Life LLC,1462.36,0.58,Silver
367,Embellished203,697.9,0.14,Low Priority
368,Emma's Shoes & Accessories,881.44,0.31,Bronze
369,EmmaChristians LLC,18462.38,0.99,Gold
370,"Emmanuel, INC",1176.02,0.45,Bronze
371,Enchante Accessories ,2562.83,0.83,Gold
372,Enchanted Rose Garden,800.76,0.24,Low Priority
373,Encore Boutique,3988.39,0.89,Gold
374,Ensembles,680.78,0.13,Low Priority
375,Entrepreneur,1311.91,0.52,Silver
376,Envidesigns,1395.74,0.56,Silver
377,Envy Salon & Boutique,1722.72,0.65,Silver
378,EnvyExpress,1612.22,0.63,Silver
379,Erikat Piguave,1757.09,0.67,Silver
380,Erin Luth,1395.74,0.56,Silver
381,Erin McDermott LLC,1308.32,0.51,Silver
382,Erin Thibeault,1069.82,0.4,Bronze
383,Esquire,2185.31,0.76,Gold
384,Esther's Air,1940.93,0.71,Silver
385,EtAL store,3524.21,0.87,Gold
386,Eurocolour,2817.39,0.84,Gold
387,Eva Fisher,634.64,0.09,Low Priority
388,Everyday Chic LLC  ,2185.31,0.76,Gold
389,Evie Lou,2843.57,0.84,Gold
390,Exclusive Accessories ,716.02,0.16,Low Priority
391,Express It Sweetly,3110.23,0.86,Gold
392,Exquisite Curves Boutique,755.69,0.19,Low Priority
393,Eye Candy Boutique,11112.52,0.97,Gold
394,Ezor,1612.22,0.63,Silver
395,F.A.F,12048.77,0.97,Gold
396,FAF,1176.02,0.45,Bronze
397,FISH INC,620.77,0.08,Low Priority
398,FLEUR DE LIS,735.25,0.17,Low Priority
399,FONTAINEBLEAU Bernice Grant-Kelly,1239.45,0.49,Bronze
400,FREE AS A BIRD,422.84,0.02,Low Priority
401,Family Jewels,800.76,0.24,Low Priority
402,Fantasy Boutique ,2342.06,0.8,Gold
403,Farmacia Castro Inc.,1239.45,0.49,Bronze
404,Fashion Glam Designs,7117.87,0.95,Gold
405,Fashions by fowler,2252.23,0.79,Gold
406,Fearless Creations,3097.85,0.86,Gold
407,Fearless Creations by Olivia,912.75,0.33,Bronze
408,Feminine Touch,983.96,0.37,Bronze
409,Fern & Piper,1668.19,0.64,Silver
410,"File-n-Style, Inc.",607.56,0.06,Low Priority
411,Filthy Rich Inc ,3046.84,0.85,Gold
412,Findlay Rowe Designs,777.48,0.21,Low Priority
413,Finds and Re-Designs,1494.24,0.59,Silver
414,Finesse,705.23,0.15,Low Priority
415,Fino’s Pharmacy,1940.93,0.71,Silver
416,Fire Finch,680.78,0.13,Low Priority
417,First Class Cargo,2533.72,0.82,Gold
418,Five 22 (Magic Show),852.52,0.27,Bronze
419,Flair,1119.91,0.43,Bronze
420,Flair / Gold Coast,5431.22,0.92,Gold
421,Flair boutique,4792.85,0.91,Gold
422,Flashbox,1494.24,0.59,Silver
423,Flowers Unlimited,1239.45,0.49,Bronze
424,Flutter By House,3100.68,0.86,Gold
425,Foot Fetish (Magic Show),852.52,0.27,Bronze
426,Forest Bootery LTD II,6919.59,0.94,Gold
427,Forte Salon,2514.02,0.81,Gold
428,Fortune of Mahanttan,664.58,0.12,Low Priority
429,Fortune of Manhattan,649.22,0.11,Low Priority
430,Forwork SRL,1395.74,0.56,Silver
431,Foxy Red's,1940.93,0.71,Silver
432,Fr comercio,1612.22,0.63,Silver
433,Francie Forteau,1119.91,0.43,Bronze
434,Frank Ronne & Associates,2313.07,0.79,Gold
435,Frederiquestijl,1707.86,0.65,Silver
436,Free as a Bird Jewelry,6254.87,0.93,Gold
437,Free as a bird,571.0,0.03,Low Priority
438,French Twist Boutique,2078.4,0.74,Silver
439,French in the Village,1469.79,0.58,Silver
440,Fresh Boutique 4 Girls,1494.24,0.59,Silver
441,Friendz,594.96,0.05,Low Priority
442,Frills,1239.45,0.49,Bronze
443,Fringe Women's Accessories,2546.98,0.83,Gold
444,Frivolous Boutique,825.71,0.25,Low Priority
445,Front & Company (Magic Show),881.44,0.31,Bronze
446,Front and Company,45518.81,1.0,Gold
447,FrostUrEsteam,946.79,0.35,Bronze
448,Frox,3561.16,0.88,Gold
449,Fuchsia,2872.91,0.84,Gold
450,G's hair salon,2557.49,0.83,Gold
451,G.jewelry,607.56,0.06,Low Priority
452,GABRIELA PIACENZA,1069.82,0.4,Bronze
453,GENERATION,620.77,0.08,Low Priority
454,GG'S,946.79,0.35,Bronze
455,GOLDEN HEART,649.22,0.11,Low Priority
456,GOLDEN STELLA,620.77,0.08,Low Priority
457,GOOD LOOKING TOO,946.79,0.35,Bronze
458,GROUNDED DANCERS,1494.24,0.59,Silver
459,Gary Charles ,697.9,0.14,Low Priority
460,Gary Charles salon ,921.64,0.34,Bronze
461,Gennaro Inc.,777.48,0.21,Low Priority
462,"Gennaro, inc",2950.84,0.85,Gold
463,Get Dressed,946.79,0.35,Bronze
464,Get Dressed LLC,852.52,0.27,Bronze
465,Gildengorn ,2326.58,0.79,Gold
466,Gili + Mafe (Magic Show),852.52,0.27,Bronze
467,Gina Agosta Hair Color and Design,777.48,0.21,Low Priority
468,Gina Agosta Inc.,620.77,0.08,Low Priority
469,Glad Rags,12256.9,0.97,Gold
470,"Glam Mom New York, Inc.",2486.63,0.81,Gold
471,Glambition Apparel,881.44,0.31,Bronze
472,Glambition Apparel ,1199.02,0.47,Bronze
473,Glitter (Magic Show),881.44,0.31,Bronze
474,Glitter Girls Jewelry,2533.72,0.82,Gold
475,Glitz & Ears,5390.88,0.92,Gold
476,Glitzy Girl,594.96,0.05,Low Priority
477,Glossy Design,2926.05,0.85,Gold
478,Goddess Plus Size Consignment,1239.45,0.49,Bronze
479,Godmade,1612.22,0.63,Silver
480,Goldee@infinity,912.75,0.33,Bronze
481,Golden Eye Candy,1291.47,0.51,Silver
482,Golden Rule,1311.91,0.52,Silver
483,"Golden Rule, Inc",2365.81,0.8,Gold
484,Golden Silver Co,881.44,0.31,Bronze
485,Goodthings Inc.,1024.76,0.38,Bronze
486,Gorgeous Girls Btq.,2533.72,0.82,Gold
487,Gorgeous Girlz,912.75,0.33,Bronze
488,Grace,16084.07,0.98,Gold
489,Grace (Magic Show),852.52,0.27,Bronze
490,Graceful Lady Boutique,777.48,0.21,Low Priority
491,Gran Cee,1965.37,0.73,Silver
492,Grand Lagniappe Shoppe,1024.76,0.38,Bronze
493,Great Finds,459.64,0.02,Low Priority
494,Green Goat Trading Co LLC,2545.81,0.83,Gold
495,Gretchen Alter,1176.02,0.45,Bronze
496,Groovy Gator,4927.58,0.92,Gold
497,Groovy Girlz,6547.03,0.94,Gold
498,Guiliana's Jewels,1239.45,0.49,Bronze
499,Guiliana's Jewels LLC,2553.85,0.83,Gold
500,Gumdrop Lane Inc,825.71,0.25,Low Priority
501,Guys N' Gals Salon (Magic Show),852.52,0.27,Bronze
502,Gwynnie Bee,7094.17,0.95,Gold
503,HAYSTACKS,620.77,0.08,Low Priority
504,HEAVEN (Store name),594.96,0.05,Low Priority
505,HERSHEY FARM GIFT SHOP,4973.3,0.92,Gold
506,HIFA A/C of Parks Group LLC dba Magnolia,1757.09,0.67,Silver
507,HLE,1757.09,0.67,Silver
508,HOSIERY ISLAND,1790.23,0.69,Silver
509,HOTHEADS,755.69,0.19,Low Priority
510,HOUSE,1176.02,0.45,Bronze
511,HOUSE OF MONTAGUE,620.77,0.08,Low Priority
512,HYATT REGENCY CHICAGO ,1940.93,0.71,Silver
513,HairWaves ,1095.32,0.42,Bronze
514,Hairworks,649.22,0.11,Low Priority
515,Hairworks ,1239.45,0.49,Bronze
516,Hale House,2533.72,0.82,Gold
517,Hand of Gold Beauty Room,1395.74,0.56,Silver
518,Hands Down ,1239.45,0.49,Bronze
519,Hanna's Connection,4094.96,0.89,Gold
520,Harbour Courier,2185.31,0.76,Gold
521,Harriett Ann's Fashions Inc. DBA Ann's Fashions,1438.02,0.57,Silver
522,Haute Pink,1311.91,0.52,Silver
523,Haystacks,8786.39,0.96,Gold
524,Haywood,607.56,0.06,Low Priority
525,Heather Bleu Home,7628.78,0.95,Gold
526,Heavenly hats ,1395.74,0.56,Silver
527,Hello Shell,620.77,0.08,Low Priority
528,Hello Shell Fundrasing,582.92,0.03,Low Priority
529,Henna Shoppe,1119.91,0.43,Bronze
530,Highland flowers & gifts,388.04,0.02,Low Priority
531,Hilary Abbott Communication,735.25,0.17,Low Priority
532,Hilary Abbott Communications Inc.,1175.43,0.44,Bronze
533,Holly & Mars,1069.82,0.4,Bronze
534,Holly Collection,11437.96,0.97,Gold
535,Home,2203.62,0.78,Gold
536,Home Residence,1940.93,0.71,Silver
537,Home for the Holidays,881.44,0.31,Bronze
538,Hosiery & Hair Fashion,664.58,0.12,Low Priority
539,Hot Heads,2185.31,0.76,Gold
540,Hot haute hot,2513.8,0.81,Gold
541,Hour Glass Boutique,881.44,0.31,Bronze
542,House of Passage,634.64,0.09,Low Priority
543,Hughes,1311.91,0.52,Silver
544,Hula Shop,1176.02,0.45,Bronze
545,Hula Sue -RBDE (Magic Show),881.44,0.31,Bronze
546,"ILandhop, LLC",1341.74,0.54,Silver
547,Imperial Transport,881.44,0.31,Bronze
548,"In Rem Solutions, Inc.",946.79,0.35,Bronze
549,Indie Twenty,10170.72,0.96,Gold
550,Indigo,5202.93,0.92,Gold
551,Initial Reaction,1812.95,0.69,Silver
552,Innocent Beauty Collections,31.54,0.0,Low Priority
553,International Market Strategies,664.58,0.12,Low Priority
554,Invante Salon and Spa,1894.48,0.69,Silver
555,Island Gift Nook,634.64,0.09,Low Priority
556,Island Outfitters,13305.42,0.98,Gold
557,Ivonne Pena / Bellezas en Acero,1757.09,0.67,Silver
558,J FASHION VAULT ,946.79,0.35,Bronze
559,J' Belle,648.29,0.1,Low Priority
560,J'BELLE,2207.71,0.78,Gold
561,J'belle,610.15,0.06,Low Priority
562,"JANE MORGANS LITTLE HOUSE, LTD",649.22,0.11,Low Priority
563,JAX Boutique,526.18,0.02,Low Priority
564,JEWELRY FANATIK,912.75,0.33,Bronze
565,JEWELRY JOINT,680.78,0.13,Low Priority
566,JHCC GIFT SHOP,607.56,0.06,Low Priority
567,JKL SALON,3172.33,0.86,Gold
568,JOIAS GUATEMALA,2947.07,0.85,Gold
569,JOSHE,620.77,0.08,Low Priority
570,JUDY RYAN OF FAIRFAX,1239.45,0.49,Bronze
571,JULI MEI,2465.48,0.81,Gold
572,JUST JULEZ,2929.19,0.85,Gold
573,JackieZ,620.77,0.08,Low Priority
574,Jade,1395.74,0.56,Silver
575,Jade & Jazelle,1841.06,0.69,Silver
576,Jak Jewels,389.27,0.02,Low Priority
577,Jane Morgan Little House,649.22,0.11,Low Priority
578,Janeen Dominguez,1239.45,0.49,Bronze
579,Jeanne Ruland Jewelry Designs,1757.09,0.67,Silver
580,Jeannine's Boutique,6734.21,0.94,Gold
581,Jeannine's Gifts,4326.14,0.9,Gold
582,Jen Guzman (Violet & Blue),4549.59,0.9,Gold
583,Jennifer On The Avenue,1239.45,0.49,Bronze
584,Jenson's,6828.5,0.94,Gold
585,Jeny Baker Designs,1585.0,0.61,Silver
586,Jer Jer,735.25,0.17,Low Priority
587,Jessy's jewelry,1239.45,0.49,Bronze
588,Jessy’s Jewelry,1239.45,0.49,Bronze
589,Jet Set Fabulous,1612.22,0.63,Silver
590,Jewel It Inc.,3709.17,0.88,Gold
591,Jewelry & More,2153.46,0.74,Silver
592,Jewelry By Clair,1628.2,0.64,Silver
593,Jewelry Concepts,4784.73,0.91,Gold
594,Jewelry Nest Boutique,6073.88,0.93,Gold
595,Jewelry by Shelby,697.9,0.14,Low Priority
596,Jewels and Threads,649.22,0.11,Low Priority
597,Jirah 8,1757.09,0.67,Silver
598,Jonah,1311.91,0.52,Silver
599,Joni's Dance Center,664.58,0.12,Low Priority
600,Josekem,1176.02,0.45,Bronze
601,Juelz,2185.31,0.76,Gold
602,Juliana Josephs,1494.24,0.59,Silver
603,Julies Hair salon,2185.31,0.76,Gold
604,Juma Gallery,1176.02,0.45,Bronze
605,Juniper Boutique,1239.45,0.49,Bronze
606,Juniper LLC,4561.98,0.9,Gold
607,Juno LLC,946.79,0.35,Bronze
608,Just Accessorize it,1612.22,0.63,Silver
609,Just Right Touch,881.44,0.31,Bronze
610,Justin Costello LLC,664.58,0.12,Low Priority
611,K Wardle,1612.22,0.63,Silver
612,K and M Accessories,36323.41,1.0,Gold
613,K and M Associates,1358.99,0.54,Silver
614,K&M,2113.33,0.74,Silver
615,K&M Associatees,2859.1,0.84,Gold
616,K&M Associates,20119.48,0.99,Gold
617,K&M associates,680.78,0.13,Low Priority
618,KAD,912.75,0.33,Bronze
619,KAREN EGREN JEWELRY,680.78,0.13,Low Priority
620,KARMA AND LUCK,620.77,0.08,Low Priority
621,"KDH Construction, Inc",634.64,0.09,Low Priority
622,Kaly's Closet (Magic Show),852.52,0.27,Bronze
623,KandM accessories,1167.0,0.44,Bronze
624,Kappa Delta,1176.02,0.45,Bronze
625,Karen Traynum,852.52,0.27,Bronze
626,Karen's Incorporate,593.81,0.04,Low Priority
627,Karlas,2093.81,0.74,Silver
628,Katelyn Swaim,1119.91,0.43,Bronze
629,Kathleen Murphy Jewelry,3085.12,0.85,Gold
630,Katricia’s Nails,2415.77,0.8,Gold
631,Kay’s on the beach,1612.22,0.63,Silver
632,Keda accessories ,777.48,0.21,Low Priority
633,Kenzie,1940.93,0.71,Silver
634,Keu,9971.38,0.96,Gold
635,Kevay Salon,664.58,0.12,Low Priority
636,Khouse,1239.45,0.49,Bronze
637,Kiddie decor ,2533.72,0.82,Gold
638,Kiddie decor & more ,735.25,0.17,Low Priority
639,Kids N more,582.92,0.03,Low Priority
640,Kie & Kate Couture (Magic Show),881.44,0.31,Bronze
641,Kie&Kate Couture,755.69,0.19,Low Priority
642,Kim's Closet ,1239.45,0.49,Bronze
643,Kimberly  Adesanya,1311.91,0.52,Silver
644,Kim’s Closet ,5827.42,0.93,Gold
645,King and Queen fashion style ,2185.31,0.76,Gold
646,Kladé Group,1176.02,0.45,Bronze
647,Klothes Kove,4607.32,0.91,Gold
648,Knock Knock Inc,339.72,0.01,Low Priority
649,Koffee kakes,1612.22,0.63,Silver
650,Kona Karvings,1379.66,0.55,Silver
651,Krause,1119.91,0.43,Bronze
652,Kreations by Anne,630.54,0.09,Low Priority
653,Kristi's,762.82,0.2,Low Priority
654,Krush Boutique (Magic Show),852.52,0.27,Bronze
655,"L. Mae Boutique, LLC",9789.06,0.96,Gold
656,LA CHIC BOUTIQUE,4496.2,0.9,Gold
657,LABEL,1441.31,0.57,Silver
658,LABEL BOUTIQUE LLC,386.79,0.02,Low Priority
659,LACE BOUTIQUE INC.,735.25,0.17,Low Priority
660,LAUNCH,777.48,0.21,Low Priority
661,LAURA CADENA,620.77,0.08,Low Priority
662,LDC ,649.22,0.11,Low Priority
663,LDC Inc. ,548.06,0.02,Low Priority
664,LDC. INC,724.38,0.16,Low Priority
665,LILYHOCKCREATIONS C/O LERNER,6164.73,0.93,Gold
666,LIMA,2370.86,0.8,Gold
667,LIT Boutique (Magic Show),881.44,0.31,Bronze
668,LIza Byrd Boutique,1757.09,0.67,Silver
669,LM Accessories,1441.85,0.57,Silver
670,LMAE Boutique (Magic Show),852.52,0.27,Bronze
671,LORALYN HANDBAGS,607.56,0.06,Low Priority
672,LOUELLA,2631.01,0.83,Gold
673,LQ,737.67,0.18,Low Priority
674,LS,1757.09,0.67,Silver
675,LTDesigns LLC,2787.34,0.84,Gold
676,LULU by Natalia Maldonado,2555.94,0.83,Gold
677,LUNA,1771.95,0.68,Silver
678,La Bella Bijoux,582.92,0.03,Low Priority
679,La Gemma Boutique,1940.93,0.71,Silver
680,La Luna,800.76,0.24,Low Priority
681,La fée ,1494.24,0.59,Silver
682,La plage ,946.79,0.35,Bronze
683,LaLa's ,755.69,0.19,Low Priority
684,LaRaso & Co,1239.45,0.49,Bronze
685,Lace and Grace,634.64,0.09,Low Priority
686,Lace and Leather,825.71,0.25,Low Priority
687,Laced N Luxe,881.44,0.31,Bronze
688,Lady love,1940.93,0.71,Silver
689,Lajae LLC ,2185.31,0.76,Gold
690,Lajaé LLC ,2486.18,0.81,Gold
691,Lana's Loft Inc,12605.37,0.98,Gold
692,Laroche,649.22,0.11,Low Priority
693,Laura Bling Accessories,1395.74,0.56,Silver
694,Laura Cantu,680.78,0.13,Low Priority
695,Lausanne International,2648.35,0.83,Gold
696,Layersof.com,735.25,0.17,Low Priority
697,Le Fashion Coach,3481.95,0.87,Gold
698,Le Suite Boutique,2185.31,0.76,Gold
699,Leaf Boutique,4684.33,0.91,Gold
700,Lee Tracy,1024.76,0.38,Bronze
701,Leeli + Lou,1775.6,0.69,Silver
702,Leeli + Louu,4370.22,0.9,Gold
703,Lees house,1119.91,0.43,Bronze
704,Leigh Edelman Design llc,777.48,0.21,Low Priority
705,"Lenoir Celebrations/Things, Rings, and Bling LLC",312.02,0.01,Low Priority
706,Leonards,2185.31,0.76,Gold
707,Lets Accessorize,594.96,0.05,Low Priority
708,Lets Accessorize LLC,6510.88,0.94,Gold
709,Lets Bag It,1237.72,0.47,Bronze
710,Lettie Gooch Enterprises LLC,1069.82,0.4,Bronze
711,Levenson,1940.93,0.71,Silver
712,Levity of Easton ,6653.56,0.94,Gold
713,Lex's of Carytown,1395.74,0.56,Silver
714,Lexie Jordan Jewelry,702.79,0.15,Low Priority
715,Lexie Jordan Jewelry ,777.48,0.21,Low Priority
716,LiRo Group,2185.31,0.76,Gold
717,Lil Inventors Child Care-2260 Little Shepherds LLC,1757.09,0.67,Silver
718,Lilac Bijoux,9511.53,0.96,Gold
719,Liliana Bridal House,2185.31,0.76,Gold
720,Lilies and Pearls Jewelry ,763.42,0.2,Low Priority
721,Lilies and Pearls LLC,1389.77,0.55,Silver
722,Lillians,582.92,0.03,Low Priority
723,LilyHockCreations,1024.76,0.38,Bronze
724,Linda Parcinski ,2185.31,0.76,Gold
725,Lip Bliss - Sherry Clifton,1612.22,0.63,Silver
726,Lita Trading Corp (Attn Emmanuel For ALI ),1612.22,0.63,Silver
727,Little One,716.02,0.16,Low Priority
728,Liza Byrd,1494.24,0.59,Silver
729,Lolly Ella,912.75,0.33,Bronze
730,Lombaggi Knitwear,825.71,0.25,Low Priority
731,Lombaggi Knitwear (care of Sandra Schiappa),985.8,0.37,Bronze
732,London Skye,10981.87,0.97,Gold
733,Los ojitos,1691.69,0.65,Silver
734,Lost City Boutique,582.92,0.03,Low Priority
735,Lost Queens,777.48,0.21,Low Priority
736,Louella,852.52,0.27,Bronze
737,"Lough and CO,LLC",1780.49,0.69,Silver
738,Lourick,1444.12,0.57,Silver
739,Love Apparel (Magic Show),881.44,0.31,Bronze
740,Love Carter,11679.44,0.97,Gold
741,Love Queenin ,2533.72,0.82,Gold
742,Love Stylize,5094.58,0.92,Gold
743,Lovely Accents,1865.46,0.69,Silver
744,LuLu's,17497.79,0.99,Gold
745,LuLu's SHOES&ACCESSORIES,620.77,0.08,Low Priority
746,Lucky Star Jewels ,900.78,0.33,Bronze
747,Luckystar Clothing company,2603.76,0.83,Gold
748,Ludovica LLC,4588.02,0.91,Gold
749,Lulas Place,1119.91,0.43,Bronze
750,Luna,735.25,0.17,Low Priority
751,Luna Chick,716.02,0.16,Low Priority
752,Lust-Have Moda,1698.06,0.65,Silver
753,Lux Beauty,582.92,0.03,Low Priority
754,Luxobox,946.79,0.35,Bronze
755,Lyn Evans,1176.02,0.45,Bronze
756,Lynne Thompson Consulting,1757.09,0.67,Silver
757,M3 by Mercer,755.69,0.19,Low Priority
758,MAGENTA BOWTIQUE,1119.91,0.43,Bronze
759,MAM CREACIÓNES LTDA,39091.07,1.0,Gold
760,MANUELITA,6772.06,0.94,Gold
761,MAR Candles,1494.24,0.59,Silver
762,MARIA GABRIELA BERMEO,1119.91,0.43,Bronze
763,MARSHA DAVID,1612.22,0.63,Silver
764,MD BEAUTY,1757.09,0.67,Silver
765,MD BEAUTY LABS,18177.49,0.99,Gold
766,MEMS and Miles ,1757.09,0.67,Silver
767,MGD Brands,13519.58,0.98,Gold
768,MICHELLE KOUTURE KOLLECTIONS,699.26,0.15,Low Priority
769,MILAN,2185.31,0.76,Gold
770,MILLARD ENTERPRISESDBAHOLDINGTHEBAG,1187.56,0.47,Bronze
771,MISRED Outfitters,1122.77,0.43,Bronze
772,MJ Clothing dba Lulla Blue,2471.71,0.81,Gold
773,MONKEE'S OF BLOWING ROCK,2533.72,0.82,Gold
774,MOULE,620.77,0.08,Low Priority
775,MOVE Dance Academy,1176.02,0.45,Bronze
776,MTM Events,1527.15,0.6,Silver
777,MUB AND CO,1311.91,0.52,Silver
778,MY CUSTOM SOFTWARE,946.79,0.35,Bronze
779,MZ Berger,1176.02,0.45,Bronze
780,Mace's,800.76,0.24,Low Priority
781,Madame Peacocks,697.9,0.14,Low Priority
782,Madison (Magic Show),852.52,0.27,Bronze
783,Madison Avenue Accessories ,1059.68,0.39,Bronze
784,Madison Marketplace,716.02,0.16,Low Priority
785,Madrona Cabins,1069.82,0.4,Bronze
786,Maggies,1119.91,0.43,Bronze
787,Magnolia Rifle,1940.93,0.71,Silver
788,Mainline Fashions,4417.5,0.9,Gold
789,Make a statement jewelry and more,959.61,0.36,Bronze
790,Malaika accessories,1311.91,0.52,Silver
791,Malandra,1176.02,0.45,Bronze
792,MallyMae Boutique,2533.72,0.82,Gold
793,Manal alsaigh ,1757.09,0.67,Silver
794,Maple St. Clothing (Magic Show),852.52,0.27,Bronze
795,Mari Caron Maison De Paris,10590.1,0.97,Gold
796,Maria Dahn,2990.96,0.85,Gold
797,Maria Mulata Co LLC,1024.76,0.38,Bronze
798,Maria Olga Sisniega,3285.55,0.86,Gold
799,Mariele Boutique,4443.58,0.9,Gold
800,Marijane Boutique,5028.09,0.92,Gold
801,Marisa Louisa Salon DBA Lulus Hair Studio,800.76,0.24,Low Priority
802,MarisolAlvarezJoyeria ,2263.27,0.79,Gold
803,Mary Kay,3308.35,0.86,Gold
804,Mary Rosnick,697.9,0.14,Low Priority
805,Mary colection ,697.9,0.14,Low Priority
806,Masiofo’s Jewels ,1311.91,0.52,Silver
807,Matamo Designs,1757.09,0.67,Silver
808,Matt Quick c/o QNLPhoto,1176.02,0.45,Bronze
809,Maureen Rose,2185.31,0.76,Gold
810,Maurices,1160.88,0.44,Bronze
811,Me & Me,607.56,0.06,Low Priority
812,Melange,1940.93,0.71,Silver
813,Melange Eye Candy,647.2,0.1,Low Priority
814,Melissa Goosmann,1612.22,0.63,Silver
815,Mems and Miles ,1239.45,0.49,Bronze
816,Mermaids On Main,1069.82,0.4,Bronze
817,Mia,1119.91,0.43,Bronze
818,Mia Jewels,8191.1,0.95,Gold
819,Michael Christopher,983.96,0.37,Bronze
820,Michele Popper,12109.98,0.97,Gold
821,Mickey Finn Stores Inc,3410.54,0.87,Gold
822,Milamor NY,1130.93,0.43,Bronze
823,Millie Lewis Studio,6436.98,0.94,Gold
824,Mimi N Me Jewelry,2446.12,0.8,Gold
825,Mimi Rose,777.48,0.21,Low Priority
826,Mink Cuffs,785.53,0.23,Low Priority
827,Mint + Major,4530.37,0.9,Gold
828,"Mint, LLC",735.25,0.17,Low Priority
829,Miss Lizzie's ,2966.87,0.85,Gold
830,Miss Ruth's Time Bomb,1196.24,0.47,Bronze
831,Modern Classics,2034.39,0.74,Silver
832,Monkee's of Lexington,6389.59,0.93,Gold
833,Montville Pharmacy,1311.91,0.52,Silver
834,Motifs,10525.49,0.96,Gold
835,Mrs.,1494.24,0.59,Silver
836,Ms Cathys,386.14,0.01,Low Priority
837,Msolo designs ,1612.22,0.63,Silver
838,Murphy Jewelry ,2190.88,0.78,Gold
839,My Closet,2185.31,0.76,Gold
840,My Signature Pieces,6199.9,0.93,Gold
841,My Sister's Closet,1176.02,0.45,Bronze
842,My salon,1612.22,0.63,Silver
843,Mysha Day Spa and Salon,505.09,0.02,Low Priority
844,N/a,2185.31,0.76,Gold
845,NES Group,1504.08,0.6,Silver
846,NICKY NICOLE,755.69,0.19,Low Priority
847,NLCC,1612.22,0.63,Silver
848,NY Beauty,6627.4,0.94,Gold
849,NYC SHOPPERS A142,2341.22,0.79,Gold
850,NaBELLA,1239.45,0.49,Bronze
851,Natasha Lindsey,1119.91,0.43,Bronze
852,Nathalie Bird,2762.19,0.84,Gold
853,Nathy Glam designs,1311.91,0.52,Silver
854,"Nature's Images, Inc.",1570.56,0.61,Silver
855,"New Earring World, LLC",1176.02,0.45,Bronze
856,New Miami/Mar Candles,3099.17,0.86,Gold
857,New York Moda,1395.74,0.56,Silver
858,"New to You, Simply Posh",296.42,0.01,Low Priority
859,Niccole Iglesias,6556.49,0.94,Gold
860,Nicole Miller,611.92,0.07,Low Priority
861,Nicole Miller ,10466.21,0.96,Gold
862,Nicole Miller Philadelphia ,1311.91,0.52,Silver
863,Nihao Fashion Boutique Womens Clothing Store,755.69,0.19,Low Priority
864,Nikkel Fashion Boutique,1239.45,0.49,Bronze
865,Nil,1024.76,0.38,Bronze
866,Nina Hazan,607.56,0.06,Low Priority
867,Nisha spa,582.92,0.03,Low Priority
868,None,1194.91,0.47,Bronze
869,None ,1612.22,0.63,Silver
870,Nova Imports,1612.22,0.63,Silver
871,Novus Inc (Magic Show) - US Jewlery House Customer,881.44,0.31,Bronze
872,OFF THE PEG C/O Malvar Freight Forwarding,1239.45,0.49,Bronze
873,OUT OF THE BOX,1024.76,0.38,Bronze
874,Ocean Chic,13258.94,0.98,Gold
875,Ok Originals,1757.09,0.67,Silver
876,Olive 54,1377.37,0.55,Silver
877,Olivia Grey,1494.24,0.59,Silver
878,Omorfia,634.64,0.09,Low Priority
879,On Kennebec,4001.18,0.89,Gold
880,On Paper,1198.8,0.47,Bronze
881,One Stitch Away,137.57,0.0,Low Priority
882,Onlo Jewelry,3409.31,0.87,Gold
883,Onyx & Blush,594.96,0.05,Low Priority
884,Oraesempre,7710.03,0.95,Gold
885,Orange Scarf,755.69,0.19,Low Priority
886,Original Designs,7187.41,0.95,Gold
887,Ornamental Stone,2185.31,0.76,Gold
888,Overstock Silver (Magic Show),852.52,0.27,Bronze
889,P&Y,735.25,0.17,Low Priority
890,P. I Corp,2185.31,0.76,Gold
891,P. I. Inc,1069.82,0.4,Bronze
892,PANGBORN COLLECTION,3297.22,0.86,Gold
893,PARKER SPARROW,1781.91,0.69,Silver
894,PEQUENA OLA,755.69,0.19,Low Priority
895,PIRIE,912.75,0.33,Bronze
896,PMS,1940.93,0.71,Silver
897,POSSESSIONS,8379.88,0.96,Gold
898,PROVEX INC,4639.3,0.91,Gold
899,PUNCH!,12606.69,0.98,Gold
900,Paisley Pistol (Magic Show),852.52,0.27,Bronze
901,Palmer House Hilton,881.44,0.31,Bronze
902,Pampered at Salon 309,594.96,0.05,Low Priority
903,Pandora's Box,1543.18,0.61,Silver
904,Pandora's Box Boutique,1914.6,0.7,Silver
905,Pangea Clothing & Accessories,1239.45,0.49,Bronze
906,Paraiso Packing Inc C/O Unikalife,881.44,0.31,Bronze
907,Paris Love,1311.91,0.52,Silver
908,Paris love,2694.06,0.83,Gold
909,Park Boulevard Hair Studio,1494.24,0.59,Silver
910,Party Accents,649.22,0.11,Low Priority
911,Party Dress Express,4040.05,0.89,Gold
912,Paszamant Retail LLC,1612.22,0.63,Silver
913,Patience'beauty supplies,1757.09,0.67,Silver
914,Patrcia White,881.44,0.31,Bronze
915,Pearl Buttons Vintage Style (Magic Show),881.44,0.31,Bronze
916,Pennyweights,1612.22,0.63,Silver
917,People People,26360.9,1.0,Gold
918,Peter's Bouique,716.02,0.16,Low Priority
919,Peter's Boutique ,20860.55,0.99,Gold
920,Peter's boutique ,687.31,0.14,Low Priority
921,Petite Etoile,1434.82,0.57,Silver
922,Petrune,15511.41,0.98,Gold
923,Phenomenal Woman Consignment Shop,1176.02,0.45,Bronze
924,Phyllis Trading Corp,607.56,0.06,Low Priority
925,Piedmont Boutique,1427.79,0.57,Silver
926,Pink Domino Clothing LLC,716.02,0.16,Low Priority
927,Pink Tulip,1940.93,0.71,Silver
928,Pink Tulip Clothes & Accessories,3594.58,0.88,Gold
929,"Pinkabee, LLC",1940.93,0.71,Silver
930,Pirie,13158.24,0.98,Gold
931,Platinum Pony Traveling Boutique/Gilmore Holiday Market Show/Booth 2116,777.48,0.21,Low Priority
932,Platinum Salon,5520.53,0.93,Gold
933,Poison Habits,1239.45,0.49,Bronze
934,Poliana,649.22,0.11,Low Priority
935,Pookie and Sebastian,791.3,0.23,Low Priority
936,Pookie&Sebastian,569.11,0.03,Low Priority
937,Pop Mart,800.76,0.24,Low Priority
938,Posh,2092.85,0.74,Silver
939,Posh Boutique,1395.74,0.56,Silver
940,Posh Jewelry,2028.04,0.74,Silver
941,Posh Jewelry (SONIA PORTALUPPI),1239.45,0.49,Bronze
942,Posh Rox,1311.91,0.52,Silver
943,Posh accessories,3332.19,0.86,Gold
944,Potpourri 2,2185.31,0.76,Gold
945,Pretty Patty Boutique,777.48,0.21,Low Priority
946,Pretty Pieces,1311.91,0.52,Silver
947,Primp Boutique,7806.62,0.95,Gold
948,Princess J Jewelry,1494.24,0.59,Silver
949,Princess Promenade,620.77,0.08,Low Priority
950,Prosper's Journey,607.56,0.06,Low Priority
951,"Prosper's Journey, Inc.",634.64,0.09,Low Priority
952,Purse Love (Magic Show),881.44,0.31,Bronze
953,Quiet Storm Surf Shop (Magic Show),881.44,0.31,Bronze
954,R & N Jewelry & Accessories,1311.91,0.52,Silver
955,RBG,1311.91,0.52,Silver
956,RBG Jewelry,825.71,0.25,Low Priority
957,RBG Jewelry ,1311.91,0.52,Silver
958,ROSAGITANA,2452.96,0.8,Gold
959,"RRR Elect, Inc",912.75,0.33,Bronze
960,RU4 REAL,352.69,0.01,Low Priority
961,RUNWAY BOUTIQUE,912.75,0.33,Bronze
962,Rack + Clutch,1410.71,0.57,Silver
963,Ragazza,1116.91,0.42,Bronze
964,Raina's of Saratoga,14573.45,0.98,Gold
965,Randee and Company (Magic Show),852.52,0.27,Bronze
966,Ransom’s Boutique,1940.93,0.71,Silver
967,Red Gate Boutique,881.44,0.31,Bronze
968,Reddz trading,6830.71,0.94,Gold
969,Refresh with Style,607.56,0.06,Low Priority
970,Regina Boutique,881.44,0.31,Bronze
971,Reiko Designs,6879.85,0.94,Gold
972,Rema,560.89,0.02,Low Priority
973,Remember me Jewelry,675.68,0.13,Low Priority
974,Remoline,1311.91,0.52,Silver
975,Renee Piatt Collection,11984.29,0.97,Gold
976,Renee's Pearls Etc,1176.02,0.45,Bronze
977,Renee's of South Padre,5771.61,0.93,Gold
978,Renees of Sharyland,664.58,0.12,Low Priority
979,Resolutions Medspa,2185.31,0.76,Gold
980,Retail Business,1176.02,0.45,Bronze
981,Revival,2533.72,0.82,Gold
982,Revivals Boutique,983.96,0.37,Bronze
983,Revive LLC,1024.95,0.39,Bronze
984,"Revolution Clothiers and Co,",912.75,0.33,Bronze
985,Reyna Jewelry,874.12,0.29,Bronze
986,Rhythm Dance Center,800.76,0.24,Low Priority
987,Ria Leslau Jewerly,1239.45,0.49,Bronze
988,Rikab,852.52,0.27,Bronze
989,Rippe's,1757.09,0.67,Silver
990,Robert Anthony Salon,1985.52,0.73,Silver
991,Rochelle's,3106.52,0.86,Gold
992,Rochelle's of Mystic,6072.38,0.93,Gold
993,Rochelle's of Newport,6952.6,0.95,Gold
994,Rochelle's of Watch Hill,946.79,0.35,Bronze
995,Rochelle's on Main,1612.22,0.63,Silver
996,Rosa Policaro,1384.62,0.55,Silver
997,Rose Couture (Magic Show),881.44,0.31,Bronze
998,Rose's Hallmark,1069.82,0.4,Bronze
999,Rowe,1691.18,0.65,Silver
1000,Royal jewels,1395.74,0.56,Silver
1001,Ruby Blooms ,478.7,0.02,Low Priority
1002,Runaway,593.82,0.04,Low Priority
1003,Rustic warehouse,1494.24,0.59,Silver
1004,S,1612.22,0.63,Silver
1005,SALT SKY UTAH,1039.71,0.39,Bronze
1006,SECRETS OF FASHION,946.79,0.35,Bronze
1007,SERET STUDIOS/ WNO WARDROBE,1395.74,0.56,Silver
1008,SF,680.78,0.13,Low Priority
1009,SHELALA,36401.71,1.0,Gold
1010,SHOPZANDZ,2913.32,0.85,Gold
1011,SILVER N SUCH,800.76,0.24,Low Priority
1012,SKIRT,1757.09,0.67,Silver
1013,SOCIALITE Jewelry and Accessories,750.88,0.18,Low Priority
1014,SP Fundraising & Events,1311.91,0.52,Silver
1015,SPARKLE JEWELRY,881.44,0.31,Bronze
1016,SPRINKLE OF KASEYY,3549.55,0.87,Gold
1017,STAIN MART,620.77,0.08,Low Priority
1018,SUZANNE Designs,1069.82,0.4,Bronze
1019,Sable,2186.3,0.78,Gold
1020,Salano,800.76,0.24,Low Priority
1021,Salon Biondo (Magic Show),852.52,0.27,Bronze
1022,Salon DSK & Spa,4261.74,0.89,Gold
1023,Salon L,755.69,0.19,Low Priority
1024,Salon Mila LLC,852.52,0.27,Bronze
1025,"Salon Rispoli, Inc.",777.48,0.21,Low Priority
1026,Salonvonde ,983.96,0.37,Bronze
1027,Samantha Swain,1803.58,0.69,Silver
1028,Sand to city style ,1443.91,0.57,Silver
1029,Sandra Jorgensen,697.9,0.14,Low Priority
1030,Sandy's,1612.22,0.63,Silver
1031,Sapphire & Sage,1078.43,0.41,Bronze
1032,Saratoga Sundress,620.77,0.08,Low Priority
1033,Savvy chic boutique,2185.31,0.76,Gold
1034,Scandia Home,2879.91,0.85,Gold
1035,Schoolhouse Design Inc.,2185.31,0.76,Gold
1036,Scissors on the Sound,3892.89,0.88,Gold
1037,Sealed With A Kiss,2185.31,0.76,Gold
1038,Seasons Gifts and Home,1940.93,0.71,Silver
1039,Seiko beads,1612.22,0.63,Silver
1040,"Selman's  Jewelers-Gemologist,",18491.79,0.99,Gold
1041,Sensations by Sybil,983.96,0.37,Bronze
1042,Serendipity Accessories,14532.74,0.98,Gold
1043,Serendipity Accessories ,1069.82,0.4,Bronze
1044,Seta Corporation,1612.22,0.63,Silver
1045,Sha Sha Couture,946.79,0.35,Bronze
1046,Shaheens Department Store,1237.64,0.47,Bronze
1047,Sharbons Glitz n Glam,1612.22,0.63,Silver
1048,Sharryn C Harewood,1341.15,0.54,Silver
1049,Shasha,946.79,0.35,Bronze
1050,She Salon,800.76,0.24,Low Priority
1051,Shea's Closet,476.28,0.02,Low Priority
1052,Shea's closet,852.52,0.27,Bronze
1053,Shine Boutique,755.69,0.19,Low Priority
1054,Shock,4401.0,0.9,Gold
1055,ShoeFly,800.76,0.24,Low Priority
1056,Shop 112 (Magic Show) - US Jewelry Customer,852.52,0.27,Bronze
1057,Shop Peppermint LLC,1604.72,0.61,Silver
1058,Shoshone Designs,1176.02,0.45,Bronze
1059,Signature innovations Limited,755.69,0.19,Low Priority
1060,Silhouette Boutique,1494.24,0.59,Silver
1061,Silver Collection,2395.25,0.8,Gold
1062,Silver Girl,1239.45,0.49,Bronze
1063,Silver Lining,735.25,0.17,Low Priority
1064,Simply Charming,2768.08,0.84,Gold
1065,Simply Posh,1119.91,0.43,Bronze
1066,"Skeeter Products, Inc.",1239.45,0.49,Bronze
1067,Smith & scott,1494.24,0.59,Silver
1068,Smitten Boutique,1239.45,0.49,Bronze
1069,Sole Sisters,3809.13,0.88,Gold
1070,Solera Tanning Inc,800.76,0.24,Low Priority
1071,Somerly Hair Studio,582.92,0.03,Low Priority
1072,Sonia V Boutique ,561.32,0.03,Low Priority
1073,Soraya Accesorios,735.25,0.17,Low Priority
1074,Soul Sisters Jewelry,2122.77,0.74,Silver
1075,Soul Sparkle ,852.52,0.27,Bronze
1076,Soul Sparkle Inc,716.02,0.16,Low Priority
1077,"Souq, Ltd (Magic Show)",881.44,0.31,Bronze
1078,Southern Sass Too,755.69,0.19,Low Priority
1079,Southern aero,1239.45,0.49,Bronze
1080,Southern belle ,2185.31,0.76,Gold
1081,Sparklepop,1069.82,0.4,Bronze
1082,Sparkles,946.79,0.35,Bronze
1083,Spirit Spa,1940.93,0.71,Silver
1084,Splash Naturals,2185.31,0.76,Gold
1085,Splendor Revival,2185.31,0.76,Gold
1086,Spopa Inc,912.75,0.33,Bronze
1087,Ssiji,1660.54,0.64,Silver
1088,Stalise,2227.39,0.79,Gold
1089,Starlet (Magic Show),852.52,0.27,Bronze
1090,Statement Accessories ,6699.44,0.94,Gold
1091,Statement Fashion,800.76,0.24,Low Priority
1092,Sterling Impressions,607.56,0.06,Low Priority
1093,Stitch and Stone,1865.65,0.69,Silver
1094,Strawberry Vines,800.76,0.24,Low Priority
1095,Stripe & Petal,2533.72,0.82,Gold
1096,Studio 80 salon,628.54,0.09,Low Priority
1097,Studio b,983.96,0.37,Bronze
1098,Style 3686,881.44,0.31,Bronze
1099,Style Hitter,1024.76,0.38,Bronze
1100,Styles Salon llc.,1311.91,0.52,Silver
1101,Stylish Effex,12351.9,0.98,Gold
1102,Sugar of Newport,946.79,0.35,Bronze
1103,Suite 275,852.52,0.27,Bronze
1104,Sunny's Hair and Wigs,735.25,0.17,Low Priority
1105,Surf Souleil,1311.91,0.52,Silver
1106,Surf Unlimited,983.96,0.37,Bronze
1107,Suzistrandz,1119.91,0.43,Bronze
1108,Swank Boutique,755.69,0.19,Low Priority
1109,Sweet Dreams (Magic Show),881.44,0.31,Bronze
1110,Sweet Soles ,1069.82,0.4,Bronze
1111,Sweet Tooth Swimwear,2250.29,0.79,Gold
1112,Sweettooth Swimwear,1612.22,0.63,Silver
1113,Swiftwater,852.52,0.27,Bronze
1114,Swim n surf,1709.12,0.65,Silver
1115,Synergy,16551.29,0.98,Gold
1116,"Synergy Sportswear, FL",983.96,0.37,Bronze
1117,TANYA CREATIONS,1069.82,0.4,Bronze
1118,TEMPI,697.9,0.14,Low Priority
1119,TERI MASSENA,1176.02,0.45,Bronze
1120,THANA ,755.69,0.19,Low Priority
1121,THE ATLANTIC CLUB,1024.76,0.38,Bronze
1122,THE BEAUTY STORE ,1940.93,0.71,Silver
1123,THE SWEETEST THINGZ,620.77,0.08,Low Priority
1124,THE THIRD PLANET,620.77,0.08,Low Priority
1125,THE VAULT,5298.0,0.92,Gold
1126,THIRD PLANET WEST,620.77,0.08,Low Priority
1127,THREAD,17061.21,0.99,Gold
1128,TJI jewelry ,649.22,0.11,Low Priority
1129,TMA ,1024.76,0.38,Bronze
1130,TOUCH OF CLASS,1757.09,0.67,Silver
1131,TWOJEMSCOUTURE,755.69,0.19,Low Priority
1132,"Taire Hair Salon, inc",2453.97,0.8,Gold
1133,Taisia repetto,1176.02,0.45,Bronze
1134,Taiyamo Cruz,1494.24,0.59,Silver
1135,Tamara Gonzalez 1501,594.96,0.05,Low Priority
1136,TandyWear,1176.02,0.45,Bronze
1137,Tanya Creations,12857.36,0.98,Gold
1138,Tar River Trading,826.91,0.26,Bronze
1139,Tar River Trading Company,1395.74,0.56,Silver
1140,Tara Nagessar,1069.82,0.4,Bronze
1141,"Tassels of  Morehead City, Inc.",1612.22,0.63,Silver
1142,Tati Unique Boutique,852.52,0.27,Bronze
1143,Tati's Unique Boutique,2583.82,0.83,Gold
1144,"Tati's Unique Boutique, LLC",777.48,0.21,Low Priority
1145,TeLiLi,1134.36,0.44,Bronze
1146,Teacups & Crowns,3558.11,0.87,Gold
1147,Teased Styling Studio,881.44,0.31,Bronze
1148,That’s Vogue,1940.93,0.71,Silver
1149,The Avenue Clothing Co,716.02,0.16,Low Priority
1150,The Beauty Bar,3452.34,0.87,Gold
1151,The Black Jewelry Box ,1940.93,0.71,Silver
1152,The Boutique,996.13,0.38,Bronze
1153,The Chair,1757.09,0.67,Silver
1154,The Chic Society,649.22,0.11,Low Priority
1155,The Children's Loft,735.25,0.17,Low Priority
1156,The Clothing Bar,1724.73,0.65,Silver
1157,The Clothing Cove,607.56,0.06,Low Priority
1158,The Cottage on Smith Cove,1024.76,0.38,Bronze
1159,The Dressing Room Boutique,881.44,0.31,Bronze
1160,The Eccentric Cat,7535.25,0.95,Gold
1161,The Finishing Touch,4539.89,0.9,Gold
1162,The Flying Shopper,881.44,0.31,Bronze
1163,The Foxy Lady,1302.06,0.51,Silver
1164,The French Hen,1494.24,0.59,Silver
1165,The French Shoppe,1612.22,0.63,Silver
1166,The Gifted Heart,4155.35,0.89,Gold
1167,The Hidden Closet,582.92,0.03,Low Priority
1168,The Hope Chest,3310.99,0.86,Gold
1169,The Jewel Bar,3151.57,0.86,Gold
1170,The Jewelry Boutique,1972.42,0.73,Silver
1171,The Nail Retreat,1176.02,0.45,Bronze
1172,The Ninth House,1612.22,0.63,Silver
1173,The Organic Body,1494.24,0.59,Silver
1174,The Peacock Room,881.44,0.31,Bronze
1175,The Perky Peacock,881.44,0.31,Bronze
1176,The Pink Box,1311.91,0.52,Silver
1177,The Rabbit Hole,26478.31,1.0,Gold
1178,The Red Buffalo,852.52,0.27,Bronze
1179,The Red Buffalo Store,716.02,0.16,Low Priority
1180,The Red Owl ,2185.31,0.76,Gold
1181,The Red Owl Jewelry and Gifts ,1311.91,0.52,Silver
1182,The Red and Black Store,328.68,0.01,Low Priority
1183,The Sandbox,1024.76,0.38,Bronze
1184,The Sapphire Salon,680.78,0.13,Low Priority
1185,The Shoe (Magic Show),852.52,0.27,Bronze
1186,The Shoppe at Montefiore,735.25,0.17,Low Priority
1187,The Spoiled Girl,2198.07,0.78,Gold
1188,The Stork & Fashion Exchange,2949.27,0.85,Gold
1189,The Studio For Hair,2185.31,0.76,Gold
1190,The Ultimate Hart Limited,1069.82,0.4,Bronze
1191,The Vanity Room,1163.27,0.44,Bronze
1192,The Vault,691.03,0.14,Low Priority
1193,The Wearhouse,983.96,0.37,Bronze
1194,The Womans Wardrobe,1119.91,0.43,Bronze
1195,The Write to Feel,755.69,0.19,Low Priority
1196,The hive,1239.45,0.49,Bronze
1197,The perfect gift,2185.31,0.76,Gold
1198,The sweet life,2310.25,0.79,Gold
1199,The wearhouse,2746.43,0.84,Gold
1200,There's company,3081.22,0.85,Gold
1201,Theresa Carrington,2533.72,0.82,Gold
1202,"Thistle & Reed, LLC",1239.45,0.49,Bronze
1203,Thousand Pines Boutique,825.71,0.25,Low Priority
1204,Thousand Pines Boutique ,825.71,0.25,Low Priority
1205,Threads,664.58,0.12,Low Priority
1206,Threads of Friendship,777.48,0.21,Low Priority
1207,Three Sisters Jewels,929.72,0.34,Bronze
1208,Tienda Ambar,697.9,0.14,Low Priority
1209,Tienda Jacys,620.77,0.08,Low Priority
1210,Tiffany's Boutique (Magic Show),881.44,0.31,Bronze
1211,Timeless Vintage Threads,1024.76,0.38,Bronze
1212,Tin Roof,1940.93,0.71,Silver
1213,Tinkys Gift Shop,1069.82,0.4,Bronze
1214,TommyandMe,3815.55,0.88,Gold
1215,"Too Good to Be Thru, LLC",755.69,0.19,Low Priority
1216,"Top It Off, LLC",2185.31,0.76,Gold
1217,Toprow (Magic Show),881.44,0.31,Bronze
1218,Torso,1940.93,0.71,Silver
1219,Toss ,912.75,0.33,Bronze
1220,Township Tan,1239.45,0.49,Bronze
1221,Tracks,3761.98,0.88,Gold
1222,Treasure Island / Piercing Heaven,1311.91,0.52,Silver
1223,Treasure Pediatrics,697.9,0.14,Low Priority
1224,Treasure lane,8170.47,0.95,Gold
1225,"Trendsetter Jewels, LLC",848.26,0.26,Bronze
1226,Tres Chic,2282.46,0.79,Gold
1227,Tresses Unlimited ,878.34,0.29,Bronze
1228,Tresses Unlimited salon,1599.47,0.61,Silver
1229,"Tricia Schwartz, c/oThe Dresser",2185.31,0.76,Gold
1230,Trinity salon and spa,1176.02,0.45,Bronze
1231,Triny Inc ,852.52,0.27,Bronze
1232,Troo Enterprises,735.25,0.17,Low Priority
1233,Trousseaux,3883.98,0.88,Gold
1234,Truely Treasures,1612.22,0.63,Silver
1235,Truly Rachel,1071.4,0.41,Bronze
1236,Tryst Boutique ,2693.89,0.83,Gold
1237,Twiggy's Boutique (Magic Show),852.52,0.27,Bronze
1238,Twirl Inc,702.95,0.15,Low Priority
1239,Twirl Inc ,1077.65,0.41,Bronze
1240,Tyler Carter,1940.93,0.71,Silver
1241,U.S. Jewelry House of Florida,2418.27,0.8,Gold
1242,US JEWELRY HOUSEW,235.65,0.0,Low Priority
1243,US Jewelry House,9439.52,0.96,Gold
1244,US Jewelry House of Florida,2341.57,0.8,Gold
1245,Uncas/ Crimzon Rose,5411.25,0.92,Gold
1246,Unique Blessings Boutique,1395.74,0.56,Silver
1247,University Store,881.44,0.31,Bronze
1248,VC,2341.77,0.8,Gold
1249,VaZa Salon,1239.45,0.49,Bronze
1250,Valerie Sanders LLC Shop Haute Mama,2185.31,0.76,Gold
1251,Valley Rose Boutique,2185.31,0.76,Gold
1252,Vanity,2185.31,0.76,Gold
1253,Velvet Jewelry,6352.9,0.93,Gold
1254,Velvet joyeria,1519.12,0.6,Silver
1255,Veranda,1398.72,0.57,Silver
1256,Vintage Home,1494.24,0.59,Silver
1257,Viola Bea Boutique,1612.22,0.63,Silver
1258,Violet Boutique,37467.15,1.0,Gold
1259,Violet's,8571.26,0.96,Gold
1260,Violets...a little bit of everything,373.2,0.01,Low Priority
1261,"Vivemas, Inc",800.76,0.24,Low Priority
1262,Voda Boutique ,1119.91,0.43,Bronze
1263,WAVE,1940.93,0.71,Silver
1264,WEE ONES,620.77,0.08,Low Priority
1265,WINK AND FLIP,1781.33,0.69,Silver
1266,Walnut Street Theatre,29200.32,1.0,Gold
1267,Walt disney Imagineering ,825.71,0.25,Low Priority
1268,Watson Industries,912.75,0.33,Bronze
1269,Wayward & Free,1940.93,0.71,Silver
1270,Wearhouse,680.78,0.13,Low Priority
1271,Weil's Clothing,1069.82,0.4,Bronze
1272,White,4355.57,0.9,Gold
1273,Whyte House Monograms,983.96,0.37,Bronze
1274,Whyte House Monograms Inc,3480.27,0.87,Gold
1275,Wicked Peacock,777.48,0.21,Low Priority
1276,Willow salon &Dayspa,2287.18,0.79,Gold
1277,Wilson's On Washington,3987.8,0.89,Gold
1278,Wink of Pink Shop,1024.76,0.38,Bronze
1279,Wish For,1119.91,0.43,Bronze
1280,Wondrous Design,1341.01,0.54,Silver
1281,Wysteria-Wish,680.78,0.13,Low Priority
1282,XXII SWIM,1494.24,0.59,Silver
1283,YellowPcock,1940.93,0.71,Silver
1284,Yolanda jewelry ,1239.45,0.49,Bronze
1285,Yosaira Sanchez,2533.72,0.82,Gold
1286,You're So Invited LLC,1024.76,0.38,Bronze
1287,Young Money Boutique,777.48,0.21,Low Priority
1288,Yvette & Ray,2439.58,0.8,Gold
1289,ZMC Pharmacy,17454.44,0.99,Gold
1290,ZSVPXO,1769.55,0.68,Silver
1291,Zeporia Porter,1612.22,0.63,Silver
1292,Zoe Accessories,649.22,0.11,Low Priority
1293,a la mode,1069.82,0.4,Bronze
1294,accessoriesbyhazel,1940.93,0.71,Silver
1295,adam broderick salon and spa,3625.86,0.88,Gold
1296,aeropuertas,3115.97,0.86,Gold
1297,affirmmotion,1612.22,0.63,Silver
1298,aldees sportswear ,1176.02,0.45,Bronze
1299,alexia crawford inc.,1843.44,0.69,Silver
1300,all things fabulous,1757.09,0.67,Silver
1301,allstate,286.15,0.01,Low Priority
1302,almeadows,1239.45,0.49,Bronze
1303,ambitionsboutique,2266.8,0.79,Gold
1304,annalay accessories,1940.93,0.71,Silver
1305,aromas collection,1024.76,0.38,Bronze
1306,art effect,2516.36,0.81,Gold
1307,art mart,1510.08,0.6,Silver
1308,attachments jewelry,5230.42,0.92,Gold
1309,avondayle,1951.07,0.73,Silver
1310,avondayle ,1940.93,0.71,Silver
1311,avondayle LTD,735.25,0.17,Low Priority
1312,avondayle ltd,2240.66,0.79,Gold
1313,barbie b llc,1204.01,0.47,Bronze
1314,barton @ home ,1505.97,0.6,Silver
1315,be jeweled,7235.46,0.95,Gold
1316,beads and baubles ,1504.48,0.6,Silver
1317,belladonnaprimadonna`,1915.05,0.7,Silver
1318,best beauty supply,755.69,0.19,Low Priority
1319,bliss,777.48,0.21,Low Priority
1320,blu spa and salon,1239.45,0.49,Bronze
1321,borrellis salon,1943.63,0.73,Silver
1322,boutique w,1024.76,0.38,Bronze
1323,c/o Louisa Schneider,2184.55,0.75,Silver
1324,cactus salon,1206.89,0.47,Bronze
1325,car wash cafe,1080.17,0.41,Bronze
1326,carolina jewelrybyme,881.44,0.31,Bronze
1327,catherine cochran,1757.09,0.67,Silver
1328,cg design,755.69,0.19,Low Priority
1329,chezElle,664.58,0.12,Low Priority
1330,clearwater clothing,649.22,0.11,Low Priority
1331,colette,6308.23,0.93,Gold
1332,congress depot mercantile,594.96,0.05,Low Priority
1333,coral cove,680.78,0.13,Low Priority
1334,cottage flair,1325.53,0.54,Silver
1335,courtney alexis,8027.19,0.95,Gold
1336,craft concepts,620.77,0.08,Low Priority
1337,crave clothing ,1494.24,0.59,Silver
1338,cutting loose,1105.73,0.42,Bronze
1339,daphney/acc,1395.74,0.56,Silver
1340,dare boutique,1324.35,0.54,Silver
1341,dazzle candy boutique,379.89,0.01,Low Priority
1342,define Boutique ,825.71,0.25,Low Priority
1343,dejaluboutique LLC,6453.27,0.94,Gold
1344,delightful digs inc,1757.09,0.67,Silver
1345,denim rehab,777.48,0.21,Low Priority
1346,design luxury shop,649.22,0.11,Low Priority
1347,designs  by demand,2113.72,0.74,Silver
1348,details by denise/Chic Boutique,1165.22,0.44,Bronze
1349,dimare fashion,607.56,0.06,Low Priority
1350,dls,663.25,0.12,Low Priority
1351,don't have one,2089.97,0.74,Silver
1352,dotina's,959.45,0.36,Bronze
1353,e.j hannah,697.9,0.14,Low Priority
1354,e.j. hannah,8484.02,0.96,Gold
1355,eBou-Tike,881.44,0.31,Bronze
1356,edge of urge,4911.51,0.91,Gold
1357,ej hannah,1433.57,0.57,Silver
1358,elite esthetics md,1395.74,0.56,Silver
1359,elle G,1953.13,0.73,Silver
1360,emBellish,3952.95,0.89,Gold
1361,fasha,735.25,0.17,Low Priority
1362,fashion barn,594.96,0.05,Low Priority
1363,fashion closet,2185.31,0.76,Gold
1364,fashion statement,242.26,0.01,Low Priority
1365,flirtyfinds,594.96,0.05,Low Priority
1366,fr comercio ltd,881.44,0.31,Bronze
1367,fragments,1735.63,0.65,Silver
1368,frazzleberries country stores,697.9,0.14,Low Priority
1369,fuchsia,1311.91,0.52,Silver
1370,gary charles & associates,8095.37,0.95,Gold
1371,gennaro inc.,942.09,0.34,Bronze
1372,glass slipper ,2634.67,0.83,Gold
1373,glen kids,929.98,0.34,Bronze
1374,goods and things store,852.52,0.27,Bronze
1375,groovy blueberry,1757.09,0.67,Silver
1376,hazel,800.76,0.24,Low Priority
1377,home,4194.22,0.89,Gold
1378,hopes hoops,1940.93,0.71,Silver
1379,house of fashion,1494.24,0.59,Silver
1380,hudson valley hospital gift shop,5044.97,0.92,Gold
1381,hyatt regency galleria,1395.74,0.56,Silver
1382,iavagni,825.71,0.25,Low Priority
1383,impressions by tracy,582.92,0.03,Low Priority
1384,ish Boutique,3680.95,0.88,Gold
1385,island shop,716.02,0.16,Low Priority
1386,ivys eye kandy,1451.83,0.58,Silver
1387,jacqueline shoppe,755.69,0.19,Low Priority
1388,jartisa/what she wnats,1306.33,0.51,Silver
1389,jazzy cuts,1940.93,0.71,Silver
1390,jlb accessories ,155.19,0.0,Low Priority
1391,jodavi salon,4183.05,0.89,Gold
1392,junee,1311.91,0.52,Silver
1393,juniper,1774.34,0.69,Silver
1394,just call kara,3754.29,0.88,Gold
1395,just julez inc,2710.26,0.84,Gold
1396,kNUTH'S,735.25,0.17,Low Priority
1397,kandm Associates,983.96,0.37,Bronze
1398,katinas  collection,1757.09,0.67,Silver
1399,la chic boutique,3957.72,0.89,Gold
1400,legaacy usa inc,800.76,0.24,Low Priority
1401,lesters,4017.57,0.89,Gold
1402,ljhogandesigns,697.9,0.14,Low Priority
1403,loris shoes,1940.93,0.71,Silver
1404,los ojitos,777.48,0.21,Low Priority
1405,lulu clothing and accessories ,3223.83,0.86,Gold
1406,luxe wearhouse,1940.93,0.71,Silver
1407,malaika accessories,1395.74,0.56,Silver
1408,marcell,1518.22,0.6,Silver
1409,maria dahn,735.25,0.17,Low Priority
1410,marlins wake,1165.03,0.44,Bronze
1411,matuca accesorios,671.15,0.13,Low Priority
1412,maura grace boutique,2533.72,0.82,Gold
1413,mc grath,1612.22,0.63,Silver
1414,mrl desighns,946.79,0.35,Bronze
1415,my sisters jewelry box,3248.49,0.86,Gold
1416,nail spa/ntns llc,634.64,0.09,Low Priority
1417,no company,2185.31,0.76,Gold
1418,none,664.58,0.12,Low Priority
1419,nook and cranny gifts,2036.09,0.74,Silver
1420,ocweeks,601.18,0.05,Low Priority
1421,over the rainbow,1395.74,0.56,Silver
1422,paisley boutique,2185.31,0.76,Gold
1423,paul miller,1395.74,0.56,Silver
1424,peques/it girl,1311.91,0.52,Silver
1425,plush hair studio,1726.45,0.65,Silver
1426,r u 4 real,682.39,0.14,Low Priority
1427,raina's jewelry,1024.76,0.38,Bronze
1428,rodeo drive,351.75,0.01,Low Priority
1429,royal indulgence,925.7,0.34,Bronze
1430,salon deja vu,2878.78,0.84,Gold
1431,salon dsk,1239.45,0.49,Bronze
1432,sand to city style,1261.4,0.5,Silver
1433,shoesetc,594.96,0.05,Low Priority
1434,signature style,1311.91,0.52,Silver
1435,simply Dressed,6230.21,0.93,Gold
1436,sisters secrets,1479.87,0.58,Silver
1437,skm,4779.22,0.91,Gold
1438,somethingWHITE,1757.09,0.67,Silver
1439,somethingWHITE ,2185.31,0.76,Gold
1440,sorelles,1176.02,0.45,Bronze
1441,spa mosaic,5474.45,0.92,Gold
1442,sparklesglllc,634.64,0.09,Low Priority
1443,star bella ,594.96,0.05,Low Priority
1444,stef's salon & spa llc,582.92,0.03,Low Priority
1445,summers jewelry and accessories,634.64,0.09,Low Priority
1446,sunrise  jewelry,777.48,0.21,Low Priority
1447,sunsations,20864.74,0.99,Gold
1448,swag/soiree,852.52,0.27,Bronze
1449,sweet tooth swimwear,1612.22,0.63,Silver
1450,symones of course!,777.48,0.21,Low Priority
1451,t and d design   ,2473.12,0.81,Gold
1452,t-trendz,8300.75,0.96,Gold
1453,taken for granite,594.96,0.05,Low Priority
1454,tanya,1069.82,0.4,Bronze
1455,tendencia Colombiana,1176.02,0.45,Bronze
1456,that little black dress,1315.04,0.54,Silver
1457,the clothesVine,1412.96,0.57,Silver
1458,the fashion exchange,594.96,0.05,Low Priority
1459,the gift box,1733.2,0.65,Silver
1460,the hanger boutique,1069.82,0.4,Bronze
1461,the hills beauty depot,877.56,0.29,Bronze
1462,the pink turtle ,20183.15,0.99,Gold
1463,three's company,1421.19,0.57,Silver
1464,tickled pink boutique,177.45,0.0,Low Priority
1465,toni and company,582.92,0.03,Low Priority
1466,top carrot c/o four star cargo,852.52,0.27,Bronze
1467,tw,1494.24,0.59,Silver
1468,veronikas boutique,2608.75,0.83,Gold
1469,vikis,3361.54,0.87,Gold
1470,village salon boutique ,1757.09,0.67,Silver
1471,vis-a-vis,2533.72,0.82,Gold
1472,weyhill group,1366.73,0.54,Silver
1473,what she wnats,1816.94,0.69,Silver
1474,white Marlie,3806.09,0.88,Gold
1475,white mar lie,1364.87,0.54,Silver
1476,who charlie,1119.91,0.43,Bronze
1477,wildberries,9808.47,0.96,Gold
1478,wiley,800.76,0.24,Low Priority
1479,winks,1176.02,0.45,Bronze
1480,wwl,1612.22,0.63,Silver
1481,you wish it,735.25,0.17,Low Priority
1482,your family jeweler,735.25,0.17,Low Priority
1483,zirconia,983.96,0.37,Bronze
